"CODI_ESTACIO","NOM_ESTACIO","CODI_TIPUS","LATITUD","LONGITUD","Georeferència","EMPLACAMENT","ALTITUD","CODI_MUNICIPI","NOM_MUNICIPI","CODI_COMARCA","NOM_COMARCA","CODI_PROVINCIA","NOM_PROVINCIA","CODI_XARXA","NOM_XARXA","CODI_ESTAT","NOM_ESTAT","DATA_ALTA","DATA_BAIXA"
"WZ","Cunit","A","41,20187","1,63346","POINT (1.63346 41.20187)","-","17","430516","Cunit","12","Baix Penedès","43","Tarragona","1","XEMA","2","Operativa","27/06/2006",
"Z1","Bonaigua (2.266 m)","A","42,64691","0,98486","POINT (0.98486 42.64691)","Port de la Bonaigua","2,266","250241","Alt Àneu","26","Pallars Sobirà","25","Lleida","1","XEMA","2","Operativa","06/11/1997",
"YX","Batea","A","41,08307","0,31688","POINT (0.31688 41.08307)","Turó estació transferència","400","430228","Batea","37","Terra Alta","43","Tarragona","1","XEMA","2","Operativa","30/07/2025",
"CN","Guardiola de Berguedà - Escola","A","42,22903","1,87672","POINT (1.87672 42.22903)","Centre d'Assistència Primària","719.8","80996","Guardiola de Berguedà","14","Berguedà","8","Barcelona","1","XEMA","1","Desmantellada","20/02/1996","21/03/2005"
"WN","Montserrat - Sant Dimes","A","41,59539","1,83751","POINT (1.83751 41.59539)","Ermita de Sant Dimes","916","81271","Monistrol de Montserrat","7","Bages","8","Barcelona","1","XEMA","2","Operativa","02/01/2003",
"WW","Artés","A","41,79423","1,9368","POINT (1.9368 41.79423)","Artés","278","80109","Artés","7","Bages","8","Barcelona","1","XEMA","2","Operativa","16/02/2006",
"DK","Torredembarra","A","41,14677","1,41846","POINT (1.41846 41.14677)","Aiguamolls els Muntanyans","2","431536","Torredembarra","36","Tarragonès","43","Tarragona","1","XEMA","2","Operativa","24/11/1999",
"D6","Portbou - coll dels Belitres","A","42,43515","3,16622","POINT (3.16622 42.43515)","Punta de l'Aucell  (zona fronterera)","196","171387","Portbou","2","Alt Empordà","17","Girona","1","XEMA","2","Operativa","25/03/1998",
"VU","Rellinars","A","41,63286","1,91718","POINT (1.91718 41.63286)","Puig de la Ballesta","421","81799","Rellinars","40","Vallès Occidental","8","Barcelona","1","XEMA","2","Operativa","18/02/1998",
"WM","Santuari de Queralt","A","42,10736","1,8267","POINT (1.8267 42.10736)","Santuari de la Mare de Déu de Queralt","1,167","80229","Berga","14","Berguedà","8","Barcelona","1","XEMA","2","Operativa","23/01/2002",
"YU","Cantonigròs","A","42,04265","2,40472","POINT (2.40472 42.04265)","Àrea d'autocaravanes","925","82541","l'Esquirol","24","Osona","8","Barcelona","1","XEMA","2","Operativa","18/02/2025",
"V1","Vallfogona de Balaguer","A","41,78487","0,82939","POINT (0.82939 41.78487)","Escola de Cap. Agrària - Finca l'Empalme","238","252402","Vallfogona de Balaguer","23","Noguera","25","Lleida","1","XEMA","2","Operativa","17/10/1990",
"VD","el Canós","A","41,68939","1,20381","POINT (1.20381 41.68939)","Camí de la Figuerosa","429","259118","Els Plans de Sió","32","Segarra","25","Lleida","1","XEMA","2","Operativa","22/10/1988",
"CX","Vic - 1","A","41,93582","2,23857","POINT (2.23857 41.93582)","Estadi d'atletisme","497.8","82981","Vic","24","Osona","8","Barcelona","1","XEMA","1","Desmantellada","18/01/1996","01/01/2003"
"M6","Sant Joan de les Abadesses","A","42,22189","2,2427","POINT (2.2427 42.22189)","Agrupació Esportiva del Ripollès","730","171674","Sant Joan de les Abadesses","31","Ripollès","17","Girona","1","XEMA","2","Operativa","13/01/1996",
"XI","Mollerussa","A","41,61817","0,87182","POINT (0.87182 41.61817)","-","247","251370","Mollerussa","27","Pla d'Urgell","25","Lleida","1","XEMA","2","Operativa","20/01/2010",
"UH","el Montmell","A","41,34171","1,48769","POINT (1.48769 41.34171)","Finca Vallflor - Aigua Viva","545","430901","El Montmell","12","Baix Penedès","43","Tarragona","1","XEMA","2","Operativa","13/07/1995",
"YT","Bonabé (1.693 m)","A","42,75089","1,07527","POINT (1.07527 42.75089)","Pista de la Mina","1,693","250241","Alt Àneu","26","Pallars Sobirà","25","Lleida","1","XEMA","2","Operativa","19/09/2024",
"KP","Fogars de la Selva","A","41,73894","2,69436","POINT (2.69436 41.73894)","Can Simó","36","80826","Fogars de la Selva","34","Selva","8","Barcelona","1","XEMA","2","Operativa","05/01/1996",
"D5","Barcelona - Observatori Fabra","A","41,41864","2,12379","POINT (2.12379 41.41864)","Observatori Fabra","411","80193","Barcelona","13","Barcelonès","8","Barcelona","1","XEMA","2","Operativa","03/11/1995",
"YH","Pujalt","A","41,71734","1,42403","POINT (1.42403 41.71734)","Observatori de Pujalt","747","81764","Pujalt","6","Anoia","8","Barcelona","1","XEMA","2","Operativa","06/04/2018",
"XO","Vic","A","41,93497","2,23987","POINT (2.23987 41.93497)","Vic","499","82981","Vic","24","Osona","8","Barcelona","1","XEMA","2","Operativa","22/12/2011",
"H1","Òdena","A","41,58642","1,65306","POINT (1.65306 41.58642)","Aeròdrom d'Òdena","333","81430","Òdena","6","Anoia","8","Barcelona","1","XEMA","2","Operativa","31/05/1999",
"DF","la Bisbal d'Empordà","A","41,97751","3,03543","POINT (3.03543 41.97751)","Estació depuradora","28.6","170221","La Bisbal d'Empordà","10","Baix Empordà","17","Girona","1","XEMA","2","Operativa","25/03/1998",
"VC","Pantà de Riba-roja","A","41,24415","0,43266","POINT (0.43266 41.24415)","Presa de Riba-roja","69","431251","Riba-roja d'Ebre","30","Ribera d'Ebre","43","Tarragona","1","XEMA","2","Operativa","18/11/1996",
"VQ","Constantí","A","41,1713","1,16774","POINT (1.16774 41.1713)","IRTA - Centre de Mas Bové. Apt. correus 415","112","430477","Constantí","36","Tarragonès","43","Tarragona","1","XEMA","2","Operativa","29/05/1990",
"XY","Alcarràs","A","41,56509","0,55027","POINT (0.55027 41.56509)","Central del revés","122","250117","Alcarràs","33","Segrià","25","Lleida","1","XEMA","2","Operativa","31/07/2013",
"WP","Canaletes","A","41,48518","1,69337","POINT (1.69337 41.48518)","Camp del Roure - Can Feixes","325","81228","Mediona","3","Alt Penedès","8","Barcelona","1","XEMA","2","Operativa","17/05/2002",
"Z3","Malniu (2.230 m)","A","42,46605","1,7785","POINT (1.7785 42.46605)","Estany de Malniu","2,230","170998","Meranges","15","Cerdanya","17","Girona","1","XEMA","2","Operativa","03/11/1999",
"VS","Lac Redon (2.247 m)","A","42,63835","0,77889","POINT (0.77889 42.63835)","Lac Redon - Tuc deth Pòrt de Vielha","2,247","252430","Vielha e Mijaran","39","Val d'Aran","25","Lleida","1","XEMA","2","Operativa","15/07/1999",
"U6","Vinyols i els Arcs - Cambrils","A","41,08017","1,06661","POINT (1.06661 41.08017)","Casa Sant Josep - Escola la Salle","29","431785","Vinyols i els Arcs","8","Baix Camp","43","Tarragona","1","XEMA","2","Operativa","17/05/1989",
"WR","Torroja del Priorat","A","41,2163","0,79748","POINT (0.79748 41.2163)","Ref.cadastral: Pol. 3, parc. 38","300","431541","Torroja del Priorat","29","Priorat","43","Tarragona","1","XEMA","2","Operativa","27/11/2003",
"DP","Das - Aeròdrom","A","42,38605","1,8664","POINT (1.8664 42.38605)","Aeròdrom de la Cerdanya","1,097","170617","Das","15","Cerdanya","17","Girona","1","XEMA","2","Operativa","22/05/2001",
"YN","Vielha - Elipòrt","A","42,69737","0,80198","POINT (0.80198 42.69737)","Elipòrt de VIelha","1,027","252430","Vielha e Mijaran","39","Val d'Aran","25","Lleida","1","XEMA","2","Operativa","11/03/2021",
"Z8","el Port del Comte (2.316 m)","A","42,18254","1,52407","POINT (1.52407 42.18254)","Port del Comte","2,316","251636","La Coma i la Pedra","35","Solsonès","25","Lleida","1","XEMA","1","Desmantellada","03/10/2002","17/09/2024"
"CI","Sant Pau de Segúries","A","42,25839","2,36429","POINT (2.36429 42.25839)","Estació meteorològica municipal","852","171772","Sant Pau de Segúries","31","Ripollès","17","Girona","1","XEMA","2","Operativa","24/11/1995",
"YF","Miami Platja","A","41,02066","0,9345","POINT (0.9345 41.02066)","Plana dels Penyals","43","430923","Mont-roig del Camp","8","Baix Camp","43","Tarragona","1","XEMA","2","Operativa","20/12/2017",
"YQ","Port de Barcelona - ZAL Prat","A","41,31928","2,1372","POINT (2.1372 41.31928)","Port de Barcelona","6","81691","El Prat de Llobregat","11","Baix Llobregat","8","Barcelona","1","XEMA","2","Operativa","02/12/2021",
"MW","Navès","A","42,00707","1,65239","POINT (1.65239 42.00707)","el Garrigar","545","251462","Navès","35","Solsonès","25","Lleida","1","XEMA","2","Operativa","22/03/2010",
"C7","Tàrrega","A","41,66695","1,16234","POINT (1.16234 41.66695)","Abocador comarcal","427","252173","Tàrrega","38","Urgell","25","Lleida","1","XEMA","2","Operativa","06/11/1995",
"XG","Parets del Vallès","A","41,56734","2,22619","POINT (2.22619 41.56734)","CEIP Pau Vila","123","81593","Parets del Vallès","41","Vallès Oriental","8","Barcelona","1","XEMA","2","Operativa","30/10/2008",
"X8","Barcelona - Zona Universitària","A","41,37919","2,1054","POINT (2.1054 41.37919)","Pistes UB","79","80193","Barcelona","13","Barcelonès","8","Barcelona","1","XEMA","2","Operativa","17/04/2008",
"C6","Castellnou de Seana","A","41,6566","0,95172","POINT (0.95172 41.6566)","Abocador comarcal","264","250680","Castellnou de Seana","27","Pla d'Urgell","25","Lleida","1","XEMA","2","Operativa","16/12/1995",
"UR","Malgrat de Mar - Cooperativa","A","41,64908","2,75209","POINT (2.75209 41.64908)","Cooperativa Garbí, camí del Pla, s/n. Apt. correus 80","2","81108","Malgrat de Mar","21","Maresme","8","Barcelona","1","XEMA","1","Desmantellada","09/01/1990","04/05/2005"
"W2","Torroella de Fluvià","A","42,18259","3,05783","POINT (3.05783 42.18259)","Camp de Pla d'Avall - Camp de la Creu","7","171984","Torroella de Fluvià","2","Alt Empordà","17","Girona","1","XEMA","1","Desmantellada","14/03/2000","08/04/2014"
"W9","la Vall d'en Bas","A","42,14557","2,45451","POINT (2.45451 42.14557)","Escola Verntallat","461","172076","La Vall d'en Bas","19","Garrotxa","17","Girona","1","XEMA","2","Operativa","16/03/2000",
"CZ","Ulldemolins - Zona Esportiva","A","41,3191","0,87868","POINT (0.87868 41.3191)","Poliesportiu municipal","631","431573","Ulldemolins","29","Priorat","43","Tarragona","1","XEMA","1","Desmantellada","04/03/1996","15/04/2008"
"CL","Sant Salvador de Guardiola","A","41,67399","1,76796","POINT (1.76796 41.67399)","Urbanització Miralda","349","80983","Sant Salvador de Guardiola","7","Bages","8","Barcelona","1","XEMA","2","Operativa","02/02/1996",
"XM","els Alamús","A","41,59522","0,73507","POINT (0.73507 41.59522)","-","235","250045","Els Alamús","33","Segrià","25","Lleida","1","XEMA","2","Operativa","22/06/2011",
"VL","Seròs - la Creu","A","41,46014","0,40562","POINT (0.40562 41.46014)","Crta. de Seròs a la Granja d'Escarp","100","252043","Seròs","33","Segrià","25","Lleida","1","XEMA","1","Desmantellada","05/01/1998","15/12/2011"
"YB","Olot","A","42,18813","2,47097","POINT (2.47097 42.18813)","Pla de Dalt","433","171143","Olot","19","Garrotxa","17","Girona","1","XEMA","2","Operativa","21/07/2016",
"WY","Sant Sadurní d'Anoia - el Clot de les Comes","A","41,43386","1,79429","POINT (1.79429 41.43386)","-","164","82401","Sant Sadurní d'Anoia","3","Alt Penedès","8","Barcelona","1","XEMA","1","Desmantellada","11/04/2006","07/05/2021"
"WQ","Montsec d'Ares (1.572 m)","A","42,0513","0,72952","POINT (0.72952 42.0513)","Serra de la Corona - Centre d'Observació de l'Univers","1,572","251961","Sant Esteve de la Sarga","25","Pallars Jussà","25","Lleida","1","XEMA","2","Operativa","17/06/2003",
"VI","Lleida","A","41,62918","0,59622","POINT (0.59622 41.62918)","Av. Alcalde Rovira Roure","190","251207","Lleida","33","Segrià","25","Lleida","1","XEMA","1","Desmantellada","30/03/1990","15/06/2000"
"XZ","Torroella de Fluvià","A","42,18139","3,06202","POINT (3.06202 42.18139)",,"7","171984","Torroella de Fluvià","2","Alt Empordà","17","Girona","1","XEMA","2","Operativa","08/04/2014",
"CS","Viladrau - centre","A","41,84502","2,3881","POINT (2.3881 41.84502)","Mas del Torrent","777","172207","Viladrau","24","Osona","17","Girona","1","XEMA","1","Desmantellada","05/12/1995","08/06/2004"
"YJ","Lleida - la Femosa","A","41,58449","0,64217","POINT (0.64217 41.58449)","la Gabarrera","170","251207","Lleida","33","Segrià","25","Lleida","1","XEMA","2","Operativa","21/08/2018",
"CR","la Quar","A","42,08032","1,9624","POINT (1.9624 42.08032)","Sant Maurici","873","81770","La Quar","14","Berguedà","8","Barcelona","1","XEMA","2","Operativa","13/03/1996",
"VM","Vilanova de Segrià","A","41,7145","0,62839","POINT (0.62839 41.7145)","Partida lo Sort","222","252516","Vilanova de Segrià","33","Segrià","25","Lleida","1","XEMA","2","Operativa","17/09/1997",
"Z5","Certascan (2.400 m)","A","42,70029","1,27201","POINT (1.27201 42.70029)","Certascan","2,400","251235","Lladorre","26","Pallars Sobirà","25","Lleida","1","XEMA","2","Operativa","11/11/2000",
"XN","Seròs","A","41,46379","0,42765","POINT (0.42765 41.46379)","EDAR Aitona-Seròs","89","252043","Seròs","33","Segrià","25","Lleida","1","XEMA","2","Operativa","15/12/2011",
"WB","Albesa","A","41,76036","0,67022","POINT (0.67022 41.76036)","Partida l'Eral, camí del Torricó","267","250083","Albesa","23","Noguera","25","Lleida","1","XEMA","2","Operativa","21/06/1999",
"CG","Molló - Fabert","A","42,37717","2,41456","POINT (2.41456 42.37717)","Veïnat de Fabert","1,405","171077","Molló","31","Ripollès","17","Girona","1","XEMA","2","Operativa","06/06/1996",
"UM","la Granadella","A","41,35991","0,66789","POINT (0.66789 41.35991)","Horts de la Vall Major","505","251018","La Granadella","18","Garrigues","25","Lleida","1","XEMA","2","Operativa","30/01/1992",
"XF","Sabadell - Parc Agrari","A","41,56568","2,06952","POINT (2.06952 41.56568)","Parc Agrari","258","81878","Sabadell","40","Vallès Occidental","8","Barcelona","1","XEMA","2","Operativa","23/10/2008",
"WK","Alfarràs","A","41,81949","0,57768","POINT (0.57768 41.81949)","Escola de Capacitació Agrària d'Alfarràs(de 1997 a 2001, és Almenar)","268","250138","Alfarràs","33","Segrià","25","Lleida","1","XEMA","2","Operativa","17/09/1997",
"D2","Vacarisses","A","41,59252","1,915","POINT (1.915 41.59252)","Planta potabilitzadora","343","82917","Vacarisses","40","Vallès Occidental","8","Barcelona","1","XEMA","2","Operativa","15/02/1996",
"DB","el Perelló","A","40,87287","0,71581","POINT (0.71581 40.87287)","Dipòsit d'aigua","179","431042","El Perelló","9","Baix Ebre","43","Tarragona","1","XEMA","2","Operativa","05/02/1998",
"UW","els Alfacs","A","40,62725","0,65922","POINT (0.65922 40.62725)","IRTA Centre d'Aqüicultura, crta. Poble Nou del Delta, km 5,5","0","431362","La Ràpita","22","Montsià","43","Tarragona","1","XEMA","2","Operativa","06/07/1994",
"DM","Girona - Bombers","A","41,96012","2,80696","POINT (2.80696 41.96012)","Parc de Bombers","90","170792","Girona","20","Gironès","17","Girona","1","XEMA","1","Desmantellada","10/05/2001","15/09/2010"
"XJ","Girona","A","41,98223","2,80686","POINT (2.80686 41.98223)","Horts de Santa Eugènia","72","170792","Girona","20","Gironès","17","Girona","1","XEMA","2","Operativa","15/09/2010",
"VZ","Espolla","A","42,38443","3,00736","POINT (3.00736 42.38443)","Llaurants. Ref. Cadastral: Pol. 5, parc.195","83","170643","Espolla","2","Alt Empordà","17","Girona","1","XEMA","2","Operativa","07/06/2000",
"XS","Santa Coloma de Farners","A","41,86489","2,66446","POINT (2.66446 41.86489)","Dipòsit d'aigua","162","171805","Santa Coloma de Farners","34","Selva","17","Girona","1","XEMA","2","Operativa","26/03/2013",
"Z7","Espot (2.519 m)","A","42,53412","1,05476","POINT (1.05476 42.53412)","Espot","2,519","250827","Espot","26","Pallars Sobirà","25","Lleida","1","XEMA","2","Operativa","01/03/2002",
"CM","Montmeló","A","41,54911","2,24546","POINT (2.24546 41.54911)","Torreta de Can Campanyà","75.2","81350","Montmeló","41","Vallès Oriental","8","Barcelona","1","XEMA","1","Desmantellada","23/01/1996","22/03/2006"
"XC","Castellbisbal","A","41,47892","1,97546","POINT (1.97546 41.47892)","Turó de la Verdalaga","147","80543","Castellbisbal","40","Vallès Occidental","8","Barcelona","1","XEMA","2","Operativa","18/03/2008",
"UO","Fornells de la Selva","A","41,91461","2,82069","POINT (2.82069 41.91461)","La Torre de Reset","97","170736","Fornells de la Selva","20","Gironès","17","Girona","1","XEMA","2","Operativa","10/11/1998",
"X4","Barcelona - el Raval","A","41,3839","2,16775","POINT (2.16775 41.3839)","Facultat de Geografia i Història. c. Montalegre nº6, 6a","33","80193","Barcelona","13","Barcelonès","8","Barcelona","1","XEMA","2","Operativa","11/10/2006",
"YD","les Borges Blanques","A","41,51124","0,8561","POINT (0.8561 41.51124)","Escola Agrària de les Borges Blanques","283","250582","Les Borges Blanques","18","Garrigues","25","Lleida","1","XEMA","2","Operativa","25/01/2017",
"U9","l'Aldea","A","40,76947","0,61635","POINT (0.61635 40.76947)","Barranc del Mas Roig","62","439044","L'Aldea","9","Baix Ebre","43","Tarragona","1","XEMA","2","Operativa","03/06/1991",
"VY","Nulles","A","41,25095","1,29863","POINT (1.29863 41.25095)","Cooperativa agrària","240","430982","Nulles","1","Alt Camp","43","Tarragona","1","XEMA","2","Operativa","18/09/2000",
"WE","Vilanova del Vallès","A","41,5444","2,30014","POINT (2.30014 41.5444)","Mas Casa Alta","126","89024","Vilanova del Vallès","41","Vallès Oriental","8","Barcelona","1","XEMA","1","Desmantellada","05/07/2000","05/05/2025"
"VP","Pinós","A","41,80483","1,53853","POINT (1.53853 41.80483)","Masia Can Caselles","659","251673","Pinós","35","Solsonès","25","Lleida","1","XEMA","2","Operativa","03/07/1995",
"D8","Horta de Sant Joan","A","40,95134","0,30565","POINT (0.30565 40.95134)","Les Forques","515","430712","Horta de Sant Joan","37","Terra Alta","43","Tarragona","1","XEMA","2","Operativa","28/01/1998",
"VK","Raimat","A","41,68328","0,4487","POINT (0.4487 41.68328)","Finca Montserrat - Raimat","286","251207","Lleida","33","Segrià","25","Lleida","1","XEMA","2","Operativa","31/08/1988",
"CY","Muntanyola","A","41,87813","2,17873","POINT (2.17873 41.87813)","Esglèsia de St. Quirze i Sta. Julita","816","81290","Muntanyola","24","Osona","8","Barcelona","1","XEMA","2","Operativa","12/01/1996",
"YK","Terrassa","A","41,55361","1,99005","POINT (1.99005 41.55361)","Can Poal","313","82798","Terrassa","40","Vallès Occidental","8","Barcelona","1","XEMA","2","Operativa","20/12/2018",
"VX","Tagamanent - PN del Montseny","A","41,74761","2,30291","POINT (2.30291 41.74761)","Can Bellver - Serrat de Bellver. Parc Natural del Montseny","1,030","82763","Tagamanent","41","Vallès Oriental","8","Barcelona","1","XEMA","2","Operativa","04/01/1996",
"WL","Sant Martí de Riucorb","A","41,57236","1,0882","POINT (1.0882 41.57236)","Camí de les Comes, pol. 2, parc. 137","413","259025","Sant Martí de Riucorb","38","Urgell","25","Lleida","1","XEMA","2","Operativa","05/02/2002",
"W6","Riudoms","A","41,13738","1,0187","POINT (1.0187 41.13738)","Mas d'en Domènec","158","431299","Riudoms","8","Baix Camp","43","Tarragona","1","XEMA","1","Desmantellada","19/10/1999","06/02/2019"
"MQ","Cardona","A","41,92047","1,69584","POINT (1.69584 41.92047)","Boca nord del túnel de desviament del Cardener","401","80478","Cardona","7","Bages","8","Barcelona","1","XEMA","2","Operativa","16/01/2003",
"U4","Castellnou de Bages","A","41,83094","1,84699","POINT (1.84699 41.83094)","Masia Can Vilaseca","507","80620","Castellnou de Bages","7","Bages","8","Barcelona","1","XEMA","2","Operativa","22/01/1998",
"XH","Sort","A","42,40533","1,12993","POINT (1.12993 42.40533)","Escola de Piragüisme","679","252094","Sort","26","Pallars Sobirà","25","Lleida","1","XEMA","2","Operativa","31/07/2009",
"VB","Benissanet","A","41,06289","0,63517","POINT (0.63517 41.06289)","Grup Fruiter Benissanet, crta. de Mora, s/n","32","430265","Benissanet","30","Ribera d'Ebre","43","Tarragona","1","XEMA","2","Operativa","14/07/1993",
"D4","Roses","A","42,27068","3,18147","POINT (3.18147 42.27068)","Poliesportiu Municipal","23","171523","Roses","2","Alt Empordà","17","Girona","1","XEMA","2","Operativa","07/02/1996",
"UC","Monells","A","41,97726","2,99705","POINT (2.99705 41.97726)","Finca Camps i Armet - Escola Capacitació Agrària","60","179011","Cruïlles, Monells i Sant Sadurní de l'Heura","10","Baix Empordà","17","Girona","1","XEMA","1","Desmantellada","04/03/1998","15/06/2021"
"XW","Lleida - la Bordeta","A","41,59822","0,64855","POINT (0.64855 41.59822)","Torre de Vallverdú","165","251207","Lleida","33","Segrià","25","Lleida","1","XEMA","1","Desmantellada","24/07/2013","17/10/2018"
"VW","Caldes de Montbui - Torre Marimon","A","41,61235","2,17099","POINT (2.17099 41.61235)","Finca Torre Marimon","164.5","80333","Caldes de Montbui","41","Vallès Oriental","8","Barcelona","1","XEMA","1","Desmantellada","23/12/1990","08/03/2007"
"VV","Sant Llorenç Savall","A","41,68129","2,02647","POINT (2.02647 41.68129)","Masia Can Brossa","528","82233","Sant Llorenç Savall","40","Vallès Occidental","8","Barcelona","1","XEMA","2","Operativa","25/03/1998",
"CC","Orís","A","42,07398","2,20862","POINT (2.20862 42.07398)","Abocador comarcal","626","81509","Orís","24","Osona","8","Barcelona","1","XEMA","2","Operativa","15/11/1995",
"UD","Serra de Daró","A","42,02895","3,06227","POINT (3.06227 42.02895)","Camí de la Barceloneta - St. Iscle d'Empordà","12","171910","Serra de Daró","10","Baix Empordà","17","Girona","1","XEMA","1","Desmantellada","09/06/1999","01/06/2013"
"Y4","Alinyà","A","42,17426","1,42775","POINT (1.42775 42.17426)","Tossal de Salamó","1,162","259084","Fígols i Alinyà","4","Alt Urgell","25","Lleida","1","XEMA","2","Operativa","01/07/2014",
"YG","Tírvia","A","42,51881","1,24244","POINT (1.24244 42.51881)","Heliport de Tírvia","954","252213","Tírvia","26","Pallars Sobirà","25","Lleida","1","XEMA","2","Operativa","11/01/2018",
"YC","la Pobla de Segur","A","42,24388","0,96802","POINT (0.96802 42.24388)","Horta de les Feixes","508","251713","La Pobla de Segur","25","Pallars Jussà","25","Lleida","1","XEMA","2","Operativa","18/11/2016",
"R1","el Pont de Vilomara","A","41,70637","1,87276","POINT (1.87276 41.70637)","Planta de reciclatge de piles i fluorescents","210","81825","El Pont de Vilomara i Rocafort","7","Bages","8","Barcelona","1","XEMA","1","Desmantellada","02/03/2000","01/11/2019"
"DH","Badalona - Mas Ram","A","41,47638","2,25213","POINT (2.25213 41.47638)","Urb. Mas Ram - Escola Pere Vergès","126","80155","Badalona","13","Barcelonès","8","Barcelona","1","XEMA","1","Desmantellada","23/03/1998","08/09/2005"
"XU","Canyelles","A","41,28801","1,72195","POINT (1.72195 41.28801)","Cementiri","148","80431","Canyelles","17","Garraf","8","Barcelona","1","XEMA","2","Operativa","16/07/2013",
"UX","Ulldecona - els Valentins","A","40,62652","0,37112","POINT (0.37112 40.62652)","Comunitat de regants del Pou Valentins","210","431567","Ulldecona","22","Montsià","43","Tarragona","1","XEMA","2","Operativa","15/11/1990",
"YV","Mataró","A","41,54517","2,43322","POINT (2.43322 41.54517)","Parc de Rafael Alberti, Estació MeteoMar","87","81213","Mataró","21","Maresme","8","Barcelona","1","XEMA","2","Operativa","11/06/2025",
"Y9","Port de Barcelona - ZAL Prat (ca l'Arana)","A","41,31723","2,13091","POINT (2.13091 41.31723)","Port de Barcelona","4","81691","El Prat de Llobregat","11","Baix Llobregat","8","Barcelona","1","XEMA","1","Desmantellada","26/06/2015","30/11/2021"
"KE","Pantà de Sau","A","41,96867","2,41404","POINT (2.41404 41.96867)","Central hidroelèctrica de Sau","426","83036","Vilanova de Sau","24","Osona","8","Barcelona","1","XEMA","2","Operativa","05/01/1996",
"CJ","Organyà","A","42,21624","1,33132","POINT (1.33132 42.21624)","Càmping municipal","566.5","251556","Organyà","4","Alt Urgell","25","Lleida","1","XEMA","2","Operativa","16/01/1996",
"WG","Algerri","A","41,80104","0,64804","POINT (0.64804 41.80104)","Comunitat de regants d'Algerri, ctra. d'Albesa, s/n","301","250156","Algerri","23","Noguera","25","Lleida","1","XEMA","2","Operativa","13/12/2000",
"X5","PN dels Ports","A","40,79705","0,31822","POINT (0.31822 40.79705)","Montpublic 21 sector Cova Avellanes","1,055","431331","Roquetes","9","Baix Ebre","43","Tarragona","1","XEMA","2","Operativa","04/01/2007",
"WD","Batea - Granja de Pere el Sec","A","41,08671","0,31884","POINT (0.31884 41.08671)","Clos Cóssos","382","430228","Batea","37","Terra Alta","43","Tarragona","1","XEMA","1","Desmantellada","23/12/1999","31/07/2025"
"WU","Badalona - Museu","A","41,45215","2,24757","POINT (2.24757 41.45215)","Museu","42","80155","Badalona","13","Barcelonès","8","Barcelona","1","XEMA","2","Operativa","21/09/2005",
"CD","la Seu d'Urgell - Bellestar","A","42,37083","1,43277","POINT (1.43277 42.37083)","Abocador comarcal","849","252038","La Seu d'Urgell","4","Alt Urgell","25","Lleida","1","XEMA","2","Operativa","16/01/1996",
"U1","Cabanes - Mas de la Rajoleria","A","42,30648","2,95481","POINT (2.95481 42.30648)","Mas St. Feliu, S.A., camí de St. Feli, s/n","31","170307","Cabanes","2","Alt Empordà","17","Girona","1","XEMA","1","Desmantellada","11/06/1991","10/05/2024"
"CB","les Llosses","A","42,15085","2,19914","POINT (2.19914 42.15085)","Abocador comarcal","700","170963","Les Llosses","31","Ripollès","17","Girona","1","XEMA","1","Desmantellada","30/11/1995","02/06/2003"
"X9","Caldes de Montbui","A","41,61265","2,16836","POINT (2.16836 41.61265)","Torre Marimon","176","80333","Caldes de Montbui","41","Vallès Oriental","8","Barcelona","1","XEMA","2","Operativa","08/03/2007",
"W8","Blancafort","A","41,44237","1,15998","POINT (1.15998 41.44237)","Cooperativa vinícola, pl.del Sindicat","438","430290","Blancafort","16","Conca de Barberà","43","Tarragona","1","XEMA","2","Operativa","18/01/2000",
"XK","Puig Sesolles (1.668 m)","A","41,77362","2,43774","POINT (2.43774 41.77362)","Puig Sesolles (Massís del Montseny)","1,668","80811","Fogars de Montclús","41","Vallès Oriental","8","Barcelona","1","XEMA","2","Operativa","22/09/2010",
"D3","Vallirana","A","41,38197","1,93564","POINT (1.93564 41.38197)","C. Arquitecte Baldric","252","82956","Vallirana","11","Baix Llobregat","8","Barcelona","1","XEMA","2","Operativa","28/10/1995",
"XB","la Llacuna","A","41,4779","1,53529","POINT (1.53529 41.4779)","Cal Mateu","584","81043","La Llacuna","6","Anoia","8","Barcelona","1","XEMA","2","Operativa","19/03/2008",
"Z6","Sasseuva (2.228 m)","A","42,77011","0,73198","POINT (0.73198 42.77011)","Sasseuva","2,228","250313","Arres","39","Val d'Aran","25","Lleida","1","XEMA","2","Operativa","20/09/2001",
"X6","Baldomar","A","41,92173","1,02901","POINT (1.02901 41.92173)","Baldomar","366","250349","Artesa de Segre","23","Noguera","25","Lleida","1","XEMA","2","Operativa","24/10/2006",
"DJ","Banyoles","A","42,11653","2,78969","POINT (2.78969 42.11653)","Abocador comarcal de Puigpalter","176","170157","Banyoles","28","Pla de l'Estany","17","Girona","1","XEMA","2","Operativa","11/10/1999",
"CF","Lloret de Mar","A","41,72346","2,84282","POINT (2.84282 41.72346)","Abocador municipal","63.3","170950","Lloret de Mar","34","Selva","17","Girona","1","XEMA","1","Desmantellada","05/02/1996","16/06/2003"
"U7","Aldover","A","40,85936","0,50525","POINT (0.50525 40.85936)","Granges de Fabra","52","430069","Aldover","9","Baix Ebre","43","Tarragona","1","XEMA","2","Operativa","31/12/1994",
"WO","la Bisbal del Penedès","A","41,27151","1,46717","POINT (1.46717 41.27151)","Fondo de Cal Sumoi","185","430287","La Bisbal del Penedès","12","Baix Penedès","43","Tarragona","1","XEMA","2","Operativa","16/05/2002",
"CV","la Pobla de Segur - Bombers","A","42,23939","0,96434","POINT (0.96434 42.23939)","Parc de Bombers","513.3","251713","La Pobla de Segur","25","Pallars Jussà","25","Lleida","1","XEMA","1","Desmantellada","22/12/1995","18/11/2016"
"YL","Riudecanyes","A","41,1227","0,96951","POINT (0.96951 41.1227)","els Gorgs","170","431270","Riudecanyes","8","Baix Camp","43","Tarragona","1","XEMA","2","Operativa","06/02/2019",
"XE","Tarragona - Complex Educatiu","A","41,10393","1,201","POINT (1.201 41.10393)","Complex Educatiu","5","431482","Tarragona","36","Tarragonès","43","Tarragona","1","XEMA","2","Operativa","05/02/2009",
"Z9","Cadí Nord (2.143 m) - Prat d'Aguiló","A","42,29265","1,71498","POINT (1.71498 42.29265)","Cadí Nord - Prat d'Aguiló","2,143","251399","Montellà i Martinet","15","Cerdanya","25","Lleida","1","XEMA","2","Operativa","06/11/2003",
"U2","Sant Pere Pescador","A","42,17716","3,0968","POINT (3.0968 42.17716)","Mas Blanc, Mas Fages 17","4","171788","Sant Pere Pescador","2","Alt Empordà","17","Girona","1","XEMA","2","Operativa","01/05/1989",
"W3","Ventalló","A","42,15006","3,06494","POINT (3.06494 42.15006)","el Camp Lletget - Mare de Déu de l'Om - Montiró","4","172109","Ventalló","2","Alt Empordà","17","Girona","1","XEMA","1","Desmantellada","14/03/2000","12/01/2015"
"YM","Granollers","A","41,60922","2,29841","POINT (2.29841 41.60922)","Parc del Puig de les Tres Torres","210","80961","Granollers","41","Vallès Oriental","8","Barcelona","1","XEMA","2","Operativa","17/09/2019",
"WA","Oliola","A","41,87694","1,1541","POINT (1.1541 41.87694)","Partida l'Era","443","251500","Oliola","23","Noguera","25","Lleida","1","XEMA","2","Operativa","26/03/2001",
"UE","Torroella de Montgrí","A","42,02306","3,15719","POINT (3.15719 42.02306)","la Feixa Gata","4","171997","Torroella de Montgrí","10","Baix Empordà","17","Girona","1","XEMA","2","Operativa","09/06/1999",
"YA","Puigcerdà","A","42,44013","1,93482","POINT (1.93482 42.44013)","Poliesportiu municipal","1,213","171411","Puigcerdà","15","Cerdanya","17","Girona","1","XEMA","2","Operativa","22/03/2016",
"CU","Vielha","A","42,69856","0,79397","POINT (0.79397 42.69856)","Prat de Tixineret","1,002","252430","Vielha e Mijaran","39","Val d'Aran","25","Lleida","1","XEMA","1","Desmantellada","15/02/1996","01/06/2022"
"UJ","Santa Coloma de Queralt","A","41,52879","1,3683","POINT (1.3683 41.52879)","Partida la Cabana","709","431397","Santa Coloma de Queralt","16","Conca de Barberà","43","Tarragona","1","XEMA","2","Operativa","19/11/1996",
"XD","Ulldemolins","A","41,32","0,8857","POINT (0.8857 41.32)","Pigrossos","687","431573","Ulldemolins","29","Priorat","43","Tarragona","1","XEMA","2","Operativa","17/04/2008",
"VT","Cerdanyola del Vallès","A","41,48401","2,12745","POINT (2.12745 41.48401)","Parc Tecnològic del Vallès. Masia Can Fatjó del Molí","84","82665","Cerdanyola del Vallès","40","Vallès Occidental","8","Barcelona","1","XEMA","1","Desmantellada","15/05/1998","03/01/2014"
"WT","Malgrat de Mar","A","41,64707","2,75658","POINT (2.75658 41.64707)","Camí de la Pomereda","2","81108","Malgrat de Mar","21","Maresme","8","Barcelona","1","XEMA","2","Operativa","04/05/2005",
"X7","Torres de Segre","A","41,51909","0,55314","POINT (0.55314 41.51909)","Torres de Segre","215","252326","Torres de Segre","33","Segrià","25","Lleida","1","XEMA","2","Operativa","02/07/2007",
"V3","Gurb","A","41,95224","2,23271","POINT (2.23271 41.95224)","Masia Can Borra","509","81000","Gurb","24","Osona","8","Barcelona","1","XEMA","1","Desmantellada","31/03/1999","15/11/2022"
"UP","Cabrils","A","41,51773","2,37702","POINT (2.37702 41.51773)","IRTA Cabrils, crta. de Vilassar a Cabrils, s/n","81","80305","Cabrils","21","Maresme","8","Barcelona","1","XEMA","2","Operativa","27/11/1995",
"V8","el Poal","A","41,67279","0,87741","POINT (0.87741 41.67279)","Finca el Molinet, c. Afores, s/n","223","251689","El Poal","27","Pla d'Urgell","25","Lleida","1","XEMA","2","Operativa","14/09/1989",
"UY","Os de Balaguer - el Monestir d'Avellanes","A","41,87912","0,76103","POINT (0.76103 41.87912)","Quatre Vents - Monestir de les Avellanes","576","251569","Os de Balaguer","23","Noguera","25","Lleida","1","XEMA","2","Operativa","07/07/1995",
"UI","Gisclareny","A","42,26477","1,76218","POINT (1.76218 42.26477)","Coll de la Bena - Font del Cabrer","1,386","80930","Gisclareny","14","Berguedà","8","Barcelona","1","XEMA","2","Operativa","12/03/1999",
"XX","Anglesola - Tornabous","A","41,68835","1,04476","POINT (1.04476 41.68835)","Masia Mingot","291","250273","Anglesola","38","Urgell","25","Lleida","1","XEMA","2","Operativa","06/08/2013",
"WF","Vilablareix","A","41,95425","2,77578","POINT (2.77578 41.95425)","Mas Saüch","108","172155","Vilablareix","20","Gironès","17","Girona","1","XEMA","1","Desmantellada","11/04/2001","01/10/2015"
"WX","Camarasa","A","41,9178","0,88175","POINT (0.88175 41.9178)","Camarasa","668","250621","Camarasa","23","Noguera","25","Lleida","1","XEMA","2","Operativa","07/03/2006",
"UK","Sant Pere de Ribes - PN del Garraf","A","41,27861","1,80479","POINT (1.80479 41.27861)","Granja escola Can Pere","161","82310","Sant Pere de Ribes","17","Garraf","8","Barcelona","1","XEMA","2","Operativa","11/05/1999",
"XT","Solsona","A","41,98766","1,51165","POINT (1.51165 41.98766)","Magatzem Municipal","691","252075","Solsona","35","Solsonès","25","Lleida","1","XEMA","2","Operativa","12/07/2012",
"Z2","Boí (2.535 m)","A","42,46602","0,88405","POINT (0.88405 42.46602)","Vall de Boí","2,535","250432","La Vall de Boí","5","Alta Ribagorça","25","Lleida","1","XEMA","2","Operativa","13/11/1998",
"YS","Cabanes","A","42,32038","2,956401","POINT (2.956401 42.32038)","Futura deixalleria","32","170307","Cabanes","2","Alt Empordà","17","Girona","1","XEMA","2","Operativa","13/05/2024",
"VO","Lladurs","A","42,08745","1,42792","POINT (1.42792 42.08745)","Masia el Pla - Montpol","785","251240","Lladurs","35","Solsonès","25","Lleida","1","XEMA","2","Operativa","05/05/1998",
"UG","Viladecans","A","41,29928","2,03787","POINT (2.03787 41.29928)","Planters Gusi, ctra. antiga de València, km 14","3","83015","Viladecans","11","Baix Llobregat","8","Barcelona","1","XEMA","2","Operativa","29/04/1993",
"MV","Guixers - Valls","A","42,13598","1,67295","POINT (1.67295 42.13598)","Cal Teuler","845","251116","Guixers","35","Solsonès","25","Lleida","1","XEMA","2","Operativa","17/06/2015",
"AN","Barcelona - Av. Lluís Companys","A","41,39004","2,18091","POINT (2.18091 41.39004)","Av. Lluís Companys (Ciutadella)","7.5","80193","Barcelona","13","Barcelonès","8","Barcelona","1","XEMA","1","Desmantellada","11/05/1992","29/10/2002"
"DA","Vila-rodona - Escola","A","41,30839","1,3622","POINT (1.3622 41.30839)","Zona de les Escoles Noves","278","431704","Vila-rodona","1","Alt Camp","43","Tarragona","1","XEMA","1","Desmantellada","23/01/1998","28/07/2005"
"XL","el Prat de Llobregat","A","41,34045","2,08022","POINT (2.08022 41.34045)","Camí de la Ribera s/n","8","81691","El Prat de Llobregat","11","Baix Llobregat","8","Barcelona","1","XEMA","2","Operativa","22/03/2011",
"US","les Cases d'Alcanar","A","40,55786","0,52329","POINT (0.52329 40.55786)","El Mas d'en Serra - Barranc de St. Jaume","24","430043","Alcanar","22","Montsià","43","Tarragona","1","XEMA","2","Operativa","06/05/1991",
"WI","Maials","A","41,35741","0,4809","POINT (0.4809 41.35741)","Paratge d'Argelagar","350","251333","Maials","33","Segrià","25","Lleida","1","XEMA","2","Operativa","20/12/2000",
"UB","la Tallada d'Empordà","A","42,05398","3,06195","POINT (3.06195 42.05398)","Findació Mas Badia - Canet de la Tallada","15","171959","La Tallada d'Empordà","10","Baix Empordà","17","Girona","1","XEMA","2","Operativa","01/05/1989",
"YP","Palafrugell","A","41,90694","3,16073","POINT (3.16073 41.90694)","Horts urbans","35","171175","Palafrugell","10","Baix Empordà","17","Girona","1","XEMA","2","Operativa","02/12/2021",
"MS","Castellar de n'Hug - el Clot del Moro","A","42,25945","1,97609","POINT (1.97609 42.25945)","Aforament Castellar de n'Hug","943","80522","Castellar de n'Hug","14","Berguedà","8","Barcelona","1","XEMA","2","Operativa","26/01/2010",
"DG","Núria (1.971 m)","A","42,39848","2,15517","POINT (2.15517 42.39848)","Santuari de Núria","1,971.4","170433","Queralbs","31","Ripollès","17","Girona","1","XEMA","2","Operativa","15/05/1998",
"V5","Perafita","A","42,03947","2,11993","POINT (2.11993 42.03947)","Finca la Tria","774","81607","Perafita","43","Lluçanès","8","Barcelona","1","XEMA","2","Operativa","03/07/1995",
"D7","Vinebre","A","41,18499","0,59376","POINT (0.59376 41.18499)","Partida de Mallols","53","431779","Vinebre","30","Ribera d'Ebre","43","Tarragona","1","XEMA","2","Operativa","22/01/1998",
"VE","Aitona","A","41,48692","0,46058","POINT (0.46058 41.48692)","Camí del canal de Seròs","97","250387","Aitona","33","Segrià","25","Lleida","1","XEMA","1","Desmantellada","12/03/1998","12/04/2022"
"UT","Port de les Cases d'Alcanar","A","40,55219","0,53252","POINT (0.53252 40.55219)","Port de les Cases d'Alcanar","3","430043","Alcanar","22","Montsià","43","Tarragona","1","XEMA","1","Desmantellada","31/08/1993","11/11/2001"
"YE","Massoteres","A","41,79409","1,305756","POINT (1.305756 41.79409)","la Creu de Massoteres","513","251327","Massoteres","32","Segarra","25","Lleida","1","XEMA","2","Operativa","17/05/2017",
"UF","PN del Garraf - el Rascler","A","41,28832","1,90775","POINT (1.90775 41.28832)","El Rascler - Centre de Repetidors Aeroport. Parc Natural del Garraf","573","80207","Begues","11","Baix Llobregat","8","Barcelona","1","XEMA","2","Operativa","29/02/1996",
"YR","Vilanova i la Geltrú","A","41,23575","1,73148","POINT (1.73148 41.23575)","Circuit de ciclisme","31","83073","Vilanova i la Geltrú","17","Garraf","8","Barcelona","1","XEMA","2","Operativa","13/04/2023",
"Z4","Ulldeter (2.364 m)","A","42,42205","2,2524","POINT (2.2524 42.42205)","Ulldeter","2,364","171925","Setcases","31","Ripollès","17","Girona","1","XEMA","1","Desmantellada","08/11/2000","20/09/2011"
"Y7","Port de Barcelona - Bocana Sud","A","41,31725","2,16537","POINT (2.16537 41.31725)","Port de Barcelona","3","81691","El Prat de Llobregat","11","Baix Llobregat","8","Barcelona","1","XEMA","2","Operativa","08/04/2015",
"X3","Alguaire","A","41,74281","0,5358","POINT (0.5358 41.74281)","Aeròdrom","370","250169","Alguaire","33","Segrià","25","Lleida","1","XEMA","2","Operativa","02/06/2006",
"WH","Bellvís","A","41,67342","0,8129","POINT (0.8129 41.67342)","Molí de Balaguer, crta. de Térmens","196","250523","Bellvís","27","Pla d'Urgell","25","Lleida","1","XEMA","1","Desmantellada","17/09/1997","17/11/2004"
"ZE","el Port del Comte (2.290 m)","A","42,19088","1,53207","POINT (1.53207 42.19088)","Port del Comte - Estivella","2,290","251636","La Coma i la Pedra","35","Solsonès","25","Lleida","1","XEMA","2","Operativa","21/09/2023",
"UL","Castelldans","A","41,52911","0,75303","POINT (0.75303 41.52911)","Mas de St. Jaume, crta. de Castelldans a Puigvert","228","250674","Castelldans","18","Garrigues","25","Lleida","1","XEMA","1","Desmantellada","16/09/1997","21/02/2017"
"CT","el Pont de Suert","A","42,39811","0,74362","POINT (0.74362 42.39811)","Depuradora municipal","823","251734","El Pont de Suert","5","Alta Ribagorça","25","Lleida","1","XEMA","2","Operativa","14/02/1996",
"MR","Pantà de Siurana","A","41,25079","0,9106","POINT (0.9106 41.25079)","Pantà de Siurana - Xalet del Pantà","500","430496","Cornudella de Montsant","29","Priorat","43","Tarragona","1","XEMA","2","Operativa","08/11/2010",
"YO","Sant Sadurní d'Anoia","A","41,43531","1,79324","POINT (1.79324 41.43531)","Camp de civada entre vinyes","155","82401","Sant Sadurní d'Anoia","3","Alt Penedès","8","Barcelona","1","XEMA","2","Operativa","07/05/2021",
"CK","Santa Coloma de Farners","A","41,86472","2,66451","POINT (2.66451 41.86472)","Dipòsit d'aigua","163","171805","Santa Coloma de Farners","34","Selva","17","Girona","1","XEMA","1","Desmantellada","05/02/1996","08/06/2004"
"XA","la Panadella","A","41,60257","1,4007","POINT (1.4007 41.60257)","La Creu del Vent","785","81332","Montmaneu","6","Anoia","8","Barcelona","1","XEMA","2","Operativa","18/12/2008",
"WS","Viladrau","A","41,84008","2,41877","POINT (2.41877 41.84008)","Mas Vilarmau","953","172207","Viladrau","24","Osona","17","Girona","1","XEMA","2","Operativa","17/03/2005",
"ZB","Salòria (2.451 m)","A","42,51939","1,36597","POINT (1.36597 42.51939)","Salòria","2,451","250175","Alins","26","Pallars Sobirà","25","Lleida","1","XEMA","2","Operativa","30/09/2004",
"J5","Pantà de Darnius - Boadella","A","42,34215","2,83423","POINT (2.83423 42.34215)","Presa del Pantà de Darnius - Boadella","158","170600","Darnius","2","Alt Empordà","17","Girona","1","XEMA","2","Operativa","05/01/1996",
"WV","Guardiola de Berguedà","A","42,23414","1,87485","POINT (1.87485 42.23414)","Monestir de Sant Llorenç prop Bagà","788","80996","Guardiola de Berguedà","14","Berguedà","8","Barcelona","1","XEMA","2","Operativa","28/11/2005",
"ZD","la Tosa d'Alp (2.478 m)","A","42,32211","1,89716","POINT (1.89716 42.32211)","Tosa d'Alp","2,478","170062","Alp","15","Cerdanya","17","Girona","1","XEMA","2","Operativa","04/09/2014",
"V7","Embassament de Sau","A","41,97554","2,39837","POINT (2.39837 41.97554)","Embassament de Sau. Club Nàutic.","435","83036","Vilanova de Sau","24","Osona","8","Barcelona","1","XEMA","1","Desmantellada","20/05/1997","02/05/2006"
"CO","Torres de Segre - Depuradora","A","41,52603","0,52711","POINT (0.52711 41.52603)","Depuradora municipal","143.6","252326","Torres de Segre","33","Segrià","25","Lleida","1","XEMA","1","Desmantellada","23/11/1995","25/05/2006"
"XQ","Tremp","A","42,16252","0,88814","POINT (0.88814 42.16252)","Conillera de Joncar","473","252347","Tremp","25","Pallars Jussà","25","Lleida","1","XEMA","2","Operativa","22/10/2012",
"X1","Falset","A","41,15374","0,81953","POINT (0.81953 41.15374)","Abocador comarcal. Crta de Porrera","359","430555","Falset","29","Priorat","43","Tarragona","1","XEMA","2","Operativa","20/12/2006",
"V9","Miralcamp","A","41,61333","0,87608","POINT (0.87608 41.61333)","Partida la Boletera","256","251351","Miralcamp","27","Pla d'Urgell","25","Lleida","1","XEMA","1","Desmantellada","26/09/1997","01/02/2010"
"DO","Castell d'Aro","A","41,80857","3,03241","POINT (3.03241 41.80857)","Parc de Bombers","14","170486","Castell d'Aro, Platja d'Aro i s'Agaró","10","Baix Empordà","17","Girona","1","XEMA","2","Operativa","10/05/2001",
"ZC","Ulldeter (2.413 m)","A","42,42102","2,24593","POINT (2.24593 42.42102)","Ulldeter","2,413","171925","Setcases","31","Ripollès","17","Girona","1","XEMA","2","Operativa","28/09/2011",
"U5","Prades - los Hortals","A","41,31349","0,99611","POINT (0.99611 41.31349)","Finca los Hortals","969","431166","Prades","8","Baix Camp","43","Tarragona","1","XEMA","1","Desmantellada","12/12/1995","31/01/2013"
"XR","Prades","A","41,31481","0,98161","POINT (0.98161 41.31481)","La Comanda","926","431166","Prades","8","Baix Camp","43","Tarragona","1","XEMA","2","Operativa","31/01/2013",
"VJ","Lleida - pla de Lleida","A","41,59957","0,6478","POINT (0.6478 41.59957)","C. Pla de Lleida, 10 - Bordeta","161","251207","Lleida","33","Segrià","25","Lleida","1","XEMA","1","Desmantellada","16/09/1997","24/07/2013"
"UA","l'Ametlla de Mar","A","40,9091","0,76943","POINT (0.76943 40.9091)","Caseta d'en Butxaca","93","430136","L'Ametlla de Mar","9","Baix Ebre","43","Tarragona","1","XEMA","2","Operativa","29/08/1995",
"W4","Vilafranca del Penedès - la Granada","A","41,36619","1,72857","POINT (1.72857 41.36619)","Rasa de Sagols","240","83054","Vilafranca del Penedès","3","Alt Penedès","8","Barcelona","1","XEMA","2","Operativa","25/12/1999",
"Y5","Navata","A","42,22793","2,86295","POINT (2.86295 42.22793)","Can Tries","152","171117","Navata","2","Alt Empordà","17","Girona","1","XEMA","2","Operativa","26/08/2014",
"VN","Vilobí d'Onyar","A","41,88244","2,74262","POINT (2.74262 41.88244)","Camps de Can Salvà","117","172333","Vilobí d'Onyar","34","Selva","17","Girona","1","XEMA","1","Desmantellada","10/11/1998","10/09/2024"
"DN","Anglès","A","41,96095","2,63108","POINT (2.63108 41.96095)","Poliesportiu municipal","150","170084","Anglès","34","Selva","17","Girona","1","XEMA","2","Operativa","10/05/2001",
"D9","el Vendrell","A","41,21553","1,52121","POINT (1.52121 41.21553)","Instal·lacions esportives municipals","59","431634","El Vendrell","12","Baix Penedès","43","Tarragona","1","XEMA","2","Operativa","11/06/1999",
"UN","Cassà de la Selva","A","41,87449","2,92694","POINT (2.92694 41.87449)","Finca Mas Bassets","171","170448","Cassà de la Selva","20","Gironès","17","Girona","1","XEMA","2","Operativa","08/03/1993",
"CW","l'Espluga de Francolí","A","41,39241","1,09894","POINT (1.09894 41.39241)","Urb. Espluga Parc","446","430542","L'Espluga de Francolí","16","Conca de Barberà","43","Tarragona","1","XEMA","2","Operativa","23/02/1996",
"CE","els Hostalets de Pierola","A","41,53109","1,80813","POINT (1.80813 41.53109)","Abocador de residus","316","81629","Els Hostalets de Pierola","6","Anoia","8","Barcelona","1","XEMA","2","Operativa","31/03/1996",
"VF","Alcarràs - Torrent d'Alcarràs","A","41,56482","0,54999","POINT (0.54999 41.56482)","Partida Graminella","122","250117","Alcarràs","33","Segrià","25","Lleida","1","XEMA","1","Desmantellada","17/09/1997","31/07/2013"
"XV","Sant Cugat del Vallès - CAR","A","41,48311","2,07956","POINT (2.07956 41.48311)","Centre d'Alt Rendiment","158","82055","Sant Cugat del Vallès","40","Vallès Occidental","8","Barcelona","1","XEMA","2","Operativa","08/08/2013",
"V6","Viladrau - Aigües de Viladrau","A","41,84256","2,42636","POINT (2.42636 41.84256)","Camí vell de Viladrau, s/n","871","170097","Arbúcies","34","Selva","17","Girona","1","XEMA","1","Desmantellada","03/10/1995","29/03/2005"
"DD","Vilassar de Mar","A","41,51175","2,38674","POINT (2.38674 41.51175)","Soc.Civil d'Aigües ""La Mina Vella""","44.5","82191","Vilassar de Mar","21","Maresme","8","Barcelona","1","XEMA","1","Desmantellada","04/05/1998","16/01/2015"
"CH","Falset - Escola","A","41,15076","0,82357","POINT (0.82357 41.15076)","Col·legi Públic Antoni Vilanova","350","430555","Falset","29","Priorat","43","Tarragona","1","XEMA","1","Desmantellada","01/12/1995","05/07/2005"
"Y6","Tivissa","A","41,04343","0,74032","POINT (0.74032 41.04343)","-","317","431508","Tivissa","30","Ribera d'Ebre","43","Tarragona","1","XEMA","2","Operativa","26/03/2015",
"V4","Montesquiu","A","42,11477","2,21483","POINT (2.21483 42.11477)","Castell de Montesquiu","684","81311","Montesquiu","24","Osona","8","Barcelona","1","XEMA","2","Operativa","02/12/1998",
"VR","Tornabous - Montargull","A","41,68994","1,04401","POINT (1.04401 41.68994)","Masia Mignot","291","252252","Tornabous","38","Urgell","25","Lleida","1","XEMA","1","Desmantellada","17/09/1997","06/08/2013"
"U8","Punta del Fangar","A","40,78653","0,74264","POINT (0.74264 40.78653)","Punta del Fangar","0","439018","Deltebre","9","Baix Ebre","43","Tarragona","1","XEMA","1","Desmantellada","30/04/1992","19/02/2009"
"DL","Illa de Buda","A","40,70719","0,83449","POINT (0.83449 40.70719)","Mas de Buda","0.5","439023","Sant Jaume d'Enveja","22","Montsià","43","Tarragona","1","XEMA","2","Operativa","14/07/1999",
"D1","Margalef","A","41,28521","0,75383","POINT (0.75383 41.28521)","Dipòsit d'aigua","404","430751","Margalef","29","Priorat","43","Tarragona","1","XEMA","2","Operativa","14/01/1996",
"DI","Font-rubí","A","41,43292","1,62386","POINT (1.62386 41.43292)","Masia Ca l'Amàlia - Montjuic","415","80850","Font-rubí","3","Alt Penedès","8","Barcelona","1","XEMA","2","Operativa","16/07/1998",
"VA","Ascó","A","41,1964","0,51101","POINT (0.51101 41.1964)","Camí de la Serra de les Moncas","256","430192","Ascó","30","Ribera d'Ebre","43","Tarragona","1","XEMA","2","Operativa","15/06/1998",
"VH","Gimenells","A","41,65825","0,3932","POINT (0.3932 41.65825)","IRTA - Estació de Gimenells","260","259123","Gimenells i el Pla de la Font","33","Segrià","25","Lleida","1","XEMA","2","Operativa","10/12/1996",
"W1","Castelló d'Empúries","A","42,24726","3,09021","POINT (3.09021 42.24726)","Can Garriga - Mas Bellesguard","2","170470","Castelló d'Empúries","2","Alt Empordà","17","Girona","1","XEMA","2","Operativa","14/03/2000",
"CA","Clariana de Cardener","A","41,95378","1,5851","POINT (1.5851 41.95378)","Abocador comarcal","693","250753","Clariana de Cardener","35","Solsonès","25","Lleida","1","XEMA","1","Desmantellada","02/05/1996","10/07/2012"
"W5","Oliana","A","42,07683","1,31489","POINT (1.31489 42.07683)","Partida Esclotes","490","251497","Oliana","4","Alt Urgell","25","Lleida","1","XEMA","2","Operativa","22/06/2000",
"XP","Gandesa","A","41,06564","0,43006","POINT (0.43006 41.06564)","IRTA UETA Gandesa","350","430640","Gandesa","37","Terra Alta","43","Tarragona","1","XEMA","2","Operativa","30/11/2011",
"UQ","Dosrius - PN Montnegre Corredor","A","41,61991","2,44532","POINT (2.44532 41.61991)","Parc Natural del Corredor. Masia Can Bosc","460","80752","Dosrius","21","Maresme","8","Barcelona","1","XEMA","2","Operativa","09/08/1996",
"C9","Mas de Barberans","A","40,71825","0,39988","POINT (0.39988 40.71825)","Abocador comarcal","240","430770","Mas de Barberans","22","Montsià","43","Tarragona","1","XEMA","2","Operativa","11/04/1997",
"KX","la Roca del Vallès - ETAP Cardedeu","A","41,61865","2,36114","POINT (2.36114 41.61865)","Planta tractament d'Aigües Ter - Llobregat","156","81810","La Roca del Vallès","41","Vallès Oriental","8","Barcelona","1","XEMA","2","Operativa","05/01/1996",
"UV","Mas de Barberans - Mitanplana","A","40,71727","0,41633","POINT (0.41633 40.71727)","Finca del Sifonero","205","430770","Mas de Barberans","22","Montsià","43","Tarragona","1","XEMA","1","Desmantellada","17/11/1992","03/01/2011"
"DC","Olot - pla de Baix","A","42,19144","2,48263","POINT (2.48263 42.19144)","Heliport Mossos d'Esquadra","421.5","171143","Olot","19","Garrotxa","17","Girona","1","XEMA","1","Desmantellada","24/04/1998","21/07/2016"
"CP","Sant Romà d'Abella","A","42,13924","1,03893","POINT (1.03893 42.13924)","Sant Romà d'Abella - el Tossal","690","251155","Isona i Conca Dellà","25","Pallars Jussà","25","Lleida","1","XEMA","2","Operativa","20/05/1996",
"UU","Amposta","A","40,70776","0,6321","POINT (0.6321 40.70776)","IRTA - Estació Exp. Ebre, ctra. de Balada, s/n","3","430141","Amposta","22","Montsià","43","Tarragona","1","XEMA","2","Operativa","06/02/1992",
"WJ","el Masroig","A","41,1223","0,72182","POINT (0.72182 41.1223)","Finca Terranova","141","430825","El Masroig","29","Priorat","43","Tarragona","1","XEMA","2","Operativa","20/06/2000",
"WC","Golmés","A","41,63642","0,92446","POINT (0.92446 41.63642)","Partida Fogones","261","250997","Golmés","27","Pla d'Urgell","25","Lleida","1","XEMA","2","Operativa","08/08/2000",
"U3","Sant Martí Sarroca","A","41,37491","1,63032","POINT (1.63032 41.37491)","Mas Rabell de Fontenac","257","82270","Sant Martí Sarroca","3","Alt Penedès","8","Barcelona","1","XEMA","2","Operativa","24/05/1997",
"DE","Botarell","A","41,15404","0,99772","POINT (0.99772 41.15404)","Planta de compostatge","231","430332","Botarell","8","Baix Camp","43","Tarragona","1","XEMA","1","Desmantellada","16/01/1998","16/01/2007"
"DQ","Vila-rodona","A","41,30728","1,36259","POINT (1.36259 41.30728)","Nova estació","287","431704","Vila-rodona","1","Alt Camp","43","Tarragona","1","XEMA","2","Operativa","29/07/2005",
"CQ","Vilanova de Meià","A","41,99546","1,02569","POINT (1.02569 41.99546)","Camp de fútbol","594","252509","Vilanova de Meià","23","Noguera","25","Lleida","1","XEMA","2","Operativa","01/04/1996",
"X2","Barcelona - Zoo","A","41,38943","2,18847","POINT (2.18847 41.38943)","Zoo","7","80193","Barcelona","13","Barcelonès","8","Barcelona","1","XEMA","1","Desmantellada","22/09/2006","03/10/2024"
"C8","Cervera","A","41,67555","1,29609","POINT (1.29609 41.67555)","Abocador comarcal","554","250729","Cervera","32","Segarra","25","Lleida","1","XEMA","2","Operativa","27/10/1995",
